{
    "the": [
        -60.830142974853516,
        21.746906280517578
    ],
    "of": [
        43.64625930786133,
        -64.89691925048828
    ],
    "to": [
        88.98104858398438,
        -82.1010513305664
    ],
    "is": [
        -10.733220100402832,
        -66.05525207519531
    ],
    "that": [
        -44.07299041748047,
        -127.63906860351562
    ],
    "a": [
        -72.166259765625,
        -27.55764389038086
    ],
    "we": [
        136.56903076171875,
        -20.944454193115234
    ],
    "as": [
        156.6852264404297,
        46.7785530090332
    ],
    "and": [
        106.84346771240234,
        111.06029510498047
    ],
    "computer": [
        45.39546585083008,
        13.039576530456543
    ],
    "are": [
        -6.343812465667725,
        22.515533447265625
    ],
    "how": [
        -141.50714111328125,
        57.88136672973633
    ],
    "science": [
        8.458538055419922,
        161.6411895751953
    ],
    "study": [
        -4.506546497344971,
        -165.68116760253906
    ],
    "in": [
        -55.77910232543945,
        -77.44100189208984
    ],
    "you": [
        -30.826562881469727,
        61.226600646972656
    ],
    "problems": [
        149.73065185546875,
        -72.43196105957031
    ],
    "for": [
        22.737060546875,
        57.75250244140625
    ],
    "know": [
        -78.05007934570312,
        77.2027359008789
    ],
    "not": [
        95.91289520263672,
        25.48956871032715
    ],
    "this": [
        -109.25692749023438,
        -71.70780944824219
    ],
    "details": [
        -148.7847442626953,
        -111.61382293701172
    ],
    "problem": [
        30.539581298828125,
        105.27693176269531
    ],
    "solutions": [
        -31.389848709106445,
        113.4563217163086
    ],
    "abstraction": [
        20.247716903686523,
        -108.99916076660156
    ],
    "an": [
        -27.62005043029785,
        -18.925704956054688
    ],
    "view": [
        -85.72869110107422,
        -147.52613830566406
    ],
    "computers": [
        74.96086120605469,
        73.83241271972656
    ],
    "can": [
        -152.4620819091797,
        -26.710474014282227
    ],
    "be": [
        -83.89228820800781,
        139.3199005126953
    ],
    "it": [
        57.039512634277344,
        -147.47781372070312
    ],
    "use": [
        80.2663345336914,
        -22.601924896240234
    ],
    "user": [
        -113.1136703491211,
        7.460188388824463
    ],
    "take": [
        122.33682250976562,
        -125.59519958496094
    ]
}